{
    "nodes": [
        {
            "value": 26.23666824772954
        },
        {
            "value": 34.830277897417545
        },
        {
            "value": 33.67128080222756
        },
        {
            "value": 32.42488175164908
        },
        {
            "value": 20.55748425424099
        },
        {
            "value": 20.535810352303088
        },
        {
            "value": 32.931675631552935
        },
        {
            "value": 25.000589531846344
        },
        {
            "value": 34.66519393026829
        },
        {
            "value": 32.269381722435355
        },
        {
            "value": 25.19636225886643
        },
        {
            "value": 35.15488164499402
        },
        {
            "value": 23.146193367429078
        },
        {
            "value": 27.94497296679765
        },
        {
            "value": 33.88191014993936
        },
        {
            "value": 32.697645761072636
        },
        {
            "value": 30.16947979107499
        },
        {
            "value": 20.361679098568857
        },
        {
            "value": 26.778870257548988
        },
        {
            "value": 32.8392423922196
        },
        {
            "value": 27.309737890027463
        },
        {
            "value": 29.628585809841752
        },
        {
            "value": 37.67735314555466
        },
        {
            "value": 38.14798598643392
        },
        {
            "value": 29.560752254910767
        }
    ],
    "links": [
        {
            "source": 9,
            "target": 20,
            "value1": 21.72838247846812,
            "value2": 135.63529190141708
        },
        {
            "source": 6,
            "target": 12,
            "value1": 22.89417904568836,
            "value2": 119.91034203674644
        },
        {
            "source": 17,
            "target": 18,
            "value1": 17.643419415690005,
            "value2": 146.69521376490593
        },
        {
            "source": 17,
            "target": 2,
            "value1": 22.484874615911394,
            "value2": 153.32550678867847
        },
        {
            "source": 8,
            "target": 1,
            "value1": 22.682860742788762,
            "value2": 197.90347029920667
        },
        {
            "source": 0,
            "target": 24,
            "value1": 16.816164692863822,
            "value2": 162.8843566402793
        },
        {
            "source": 22,
            "target": 18,
            "value1": 23.146928306668997,
            "value2": 193.4940648265183
        },
        {
            "source": 7,
            "target": 11,
            "value1": 17.441937820985913,
            "value2": 179.36440764460713
        },
        {
            "source": 23,
            "target": 10,
            "value1": 18.626685203053057,
            "value2": 125.6570222787559
        },
        {
            "source": 23,
            "target": 22,
            "value1": 22.649453855119646,
            "value2": 165.9561265958473
        },
        {
            "source": 6,
            "target": 13,
            "value1": 24.389536031521857,
            "value2": 170.81662642303854
        },
        {
            "source": 20,
            "target": 13,
            "value1": 15.856915297918022,
            "value2": 132.65182885807008
        },
        {
            "source": 1,
            "target": 0,
            "value1": 17.654033889994025,
            "value2": 157.02072910498828
        },
        {
            "source": 11,
            "target": 12,
            "value1": 20.647695250809193,
            "value2": 153.4728081896901
        },
        {
            "source": 1,
            "target": 8,
            "value1": 22.15422989334911,
            "value2": 183.15558843314648
        },
        {
            "source": 22,
            "target": 23,
            "value1": 23.29620081698522,
            "value2": 197.7304098661989
        },
        {
            "source": 15,
            "target": 0,
            "value1": 16.05386303504929,
            "value2": 170.77746351715177
        },
        {
            "source": 1,
            "target": 24,
            "value1": 20.251909205690026,
            "value2": 105.5017837556079
        },
        {
            "source": 10,
            "target": 9,
            "value1": 15.80655295168981,
            "value2": 127.30936941225082
        },
        {
            "source": 20,
            "target": 0,
            "value1": 15.870087444782257,
            "value2": 122.90767240338027
        },
        {
            "source": 23,
            "target": 20,
            "value1": 18.91851210501045,
            "value2": 119.8455597506836
        },
        {
            "source": 0,
            "target": 2,
            "value1": 23.475183912087232,
            "value2": 129.46151576470584
        },
        {
            "source": 20,
            "target": 11,
            "value1": 19.514476088806987,
            "value2": 167.3627298558131
        },
        {
            "source": 22,
            "target": 3,
            "value1": 24.353752401657403,
            "value2": 119.38218749128282
        },
        {
            "source": 19,
            "target": 21,
            "value1": 17.263760545756668,
            "value2": 161.709849210456
        },
        {
            "source": 24,
            "target": 4,
            "value1": 23.397344995755702,
            "value2": 183.705519977957
        },
        {
            "source": 16,
            "target": 4,
            "value1": 19.815444147679955,
            "value2": 195.2908206731081
        },
        {
            "source": 19,
            "target": 21,
            "value1": 24.230913252104074,
            "value2": 172.7493190439418
        },
        {
            "source": 10,
            "target": 13,
            "value1": 16.09373437007889,
            "value2": 133.9105150429532
        },
        {
            "source": 13,
            "target": 16,
            "value1": 16.89078554045409,
            "value2": 146.39500863850117
        },
        {
            "source": 12,
            "target": 23,
            "value1": 18.0970922508277,
            "value2": 118.50399319082499
        },
        {
            "source": 11,
            "target": 9,
            "value1": 19.81947195250541,
            "value2": 174.417882040143
        },
        {
            "source": 11,
            "target": 16,
            "value1": 21.39047291362658,
            "value2": 185.2378818206489
        },
        {
            "source": 24,
            "target": 22,
            "value1": 17.508869632147253,
            "value2": 186.79070256184787
        },
        {
            "source": 15,
            "target": 6,
            "value1": 19.031615327112377,
            "value2": 141.97840697597712
        },
        {
            "source": 15,
            "target": 11,
            "value1": 16.446754152420908,
            "value2": 151.3609010959044
        },
        {
            "source": 10,
            "target": 24,
            "value1": 20.117159106303006,
            "value2": 115.67024774849415
        },
        {
            "source": 8,
            "target": 6,
            "value1": 20.62703777803108,
            "value2": 120.12561319861561
        },
        {
            "source": 1,
            "target": 4,
            "value1": 18.06374490726739,
            "value2": 140.139945410192
        },
        {
            "source": 23,
            "target": 24,
            "value1": 22.014970052987337,
            "value2": 130.73325990699232
        },
        {
            "source": 20,
            "target": 4,
            "value1": 24.995830259285867,
            "value2": 128.45197764690965
        },
        {
            "source": 12,
            "target": 6,
            "value1": 18.89375021448359,
            "value2": 187.82494817860425
        },
        {
            "source": 10,
            "target": 22,
            "value1": 15.170883578248322,
            "value2": 142.18513800296932
        },
        {
            "source": 12,
            "target": 5,
            "value1": 15.21856666309759,
            "value2": 157.13598313741386
        },
        {
            "source": 14,
            "target": 11,
            "value1": 18.53612514678389,
            "value2": 113.64381746388972
        },
        {
            "source": 9,
            "target": 8,
            "value1": 24.423551964573562,
            "value2": 139.0041871694848
        },
        {
            "source": 20,
            "target": 7,
            "value1": 16.901422466617078,
            "value2": 195.1271123252809
        },
        {
            "source": 6,
            "target": 18,
            "value1": 16.13852868322283,
            "value2": 146.1844146484509
        },
        {
            "source": 7,
            "target": 14,
            "value1": 16.08591403113678,
            "value2": 178.3833779860288
        },
        {
            "source": 6,
            "target": 14,
            "value1": 15.017746647354215,
            "value2": 143.59119532164186
        },
        {
            "source": 24,
            "target": 16,
            "value1": 16.821179590187967,
            "value2": 117.75566739961505
        },
        {
            "source": 9,
            "target": 15,
            "value1": 16.001415683422238,
            "value2": 181.86837763059884
        },
        {
            "source": 0,
            "target": 24,
            "value1": 16.312622104305774,
            "value2": 167.18155210837722
        },
        {
            "source": 14,
            "target": 10,
            "value1": 22.29309615213424,
            "value2": 199.9535338487476
        },
        {
            "source": 1,
            "target": 12,
            "value1": 19.80094264028594,
            "value2": 110.3925408795476
        },
        {
            "source": 7,
            "target": 17,
            "value1": 21.303859748877585,
            "value2": 125.46349938493222
        },
        {
            "source": 18,
            "target": 17,
            "value1": 19.606212400831282,
            "value2": 103.22984252125025
        },
        {
            "source": 1,
            "target": 10,
            "value1": 22.61449165409431,
            "value2": 140.3005230706185
        },
        {
            "source": 5,
            "target": 9,
            "value1": 24.647753187455237,
            "value2": 162.3802097979933
        },
        {
            "source": 23,
            "target": 13,
            "value1": 22.083899937570095,
            "value2": 190.57715367525816
        },
        {
            "source": 10,
            "target": 19,
            "value1": 20.245614545419812,
            "value2": 170.32093023881316
        },
        {
            "source": 11,
            "target": 4,
            "value1": 15.215790669899434,
            "value2": 132.8480842988938
        },
        {
            "source": 7,
            "target": 23,
            "value1": 20.390772635582834,
            "value2": 105.02957825083286
        },
        {
            "source": 6,
            "target": 11,
            "value1": 15.969559480436146,
            "value2": 128.24005798902363
        },
        {
            "source": 6,
            "target": 10,
            "value1": 23.46200761385262,
            "value2": 153.99087083060294
        },
        {
            "source": 7,
            "target": 16,
            "value1": 21.05523373465985,
            "value2": 133.9912427822128
        },
        {
            "source": 19,
            "target": 0,
            "value1": 24.49211631435901,
            "value2": 170.63923308160156
        },
        {
            "source": 7,
            "target": 6,
            "value1": 16.86533611267805,
            "value2": 192.26406109519303
        },
        {
            "source": 22,
            "target": 23,
            "value1": 22.462056577205658,
            "value2": 173.56835072860122
        },
        {
            "source": 16,
            "target": 21,
            "value1": 19.249601408373564,
            "value2": 195.14437408652157
        },
        {
            "source": 20,
            "target": 14,
            "value1": 16.67613543337211,
            "value2": 178.78460199572146
        },
        {
            "source": 6,
            "target": 4,
            "value1": 19.299835863057524,
            "value2": 177.74873331654817
        },
        {
            "source": 11,
            "target": 11,
            "value1": 22.259004276711494,
            "value2": 134.40841974224895
        },
        {
            "source": 11,
            "target": 16,
            "value1": 18.433940967079252,
            "value2": 116.85138018801808
        },
        {
            "source": 21,
            "target": 9,
            "value1": 18.920608763583004,
            "value2": 139.45825963746756
        },
        {
            "source": 4,
            "target": 0,
            "value1": 19.18007181258872,
            "value2": 150.94917970709503
        },
        {
            "source": 11,
            "target": 10,
            "value1": 22.178748783189803,
            "value2": 181.5162253100425
        },
        {
            "source": 12,
            "target": 7,
            "value1": 19.70752916764468,
            "value2": 140.4937269864604
        },
        {
            "source": 10,
            "target": 3,
            "value1": 24.092007894068956,
            "value2": 186.35498695075512
        },
        {
            "source": 14,
            "target": 8,
            "value1": 21.800732251722366,
            "value2": 135.37286140490323
        },
        {
            "source": 7,
            "target": 5,
            "value1": 16.06126127531752,
            "value2": 193.32968881353736
        },
        {
            "source": 22,
            "target": 16,
            "value1": 19.478723530191928,
            "value2": 176.09905062709004
        },
        {
            "source": 24,
            "target": 7,
            "value1": 18.814497685525566,
            "value2": 189.95231986045837
        },
        {
            "source": 16,
            "target": 0,
            "value1": 16.571726703550667,
            "value2": 167.83622112125158
        },
        {
            "source": 4,
            "target": 20,
            "value1": 21.76900542108342,
            "value2": 144.79422294534743
        },
        {
            "source": 16,
            "target": 8,
            "value1": 20.89117851573974,
            "value2": 152.3312992649153
        },
        {
            "source": 16,
            "target": 20,
            "value1": 16.64704888826236,
            "value2": 159.50615792535245
        },
        {
            "source": 22,
            "target": 13,
            "value1": 20.520080234855413,
            "value2": 196.70710482168943
        },
        {
            "source": 14,
            "target": 24,
            "value1": 20.825784811750054,
            "value2": 163.6406331555918
        },
        {
            "source": 10,
            "target": 21,
            "value1": 17.322573780547827,
            "value2": 131.34647824335843
        },
        {
            "source": 13,
            "target": 24,
            "value1": 20.869329567067325,
            "value2": 196.2012879550457
        },
        {
            "source": 0,
            "target": 13,
            "value1": 22.520224237814546,
            "value2": 174.39472200348973
        },
        {
            "source": 14,
            "target": 5,
            "value1": 23.82080686511472,
            "value2": 142.06661286298186
        },
        {
            "source": 22,
            "target": 8,
            "value1": 20.983514599502087,
            "value2": 117.89801698178053
        },
        {
            "source": 1,
            "target": 6,
            "value1": 15.736969891004264,
            "value2": 195.5182921141386
        },
        {
            "source": 14,
            "target": 22,
            "value1": 22.43974276119843,
            "value2": 166.69996757991612
        },
        {
            "source": 15,
            "target": 13,
            "value1": 20.49138492671773,
            "value2": 189.68951317947358
        },
        {
            "source": 22,
            "target": 19,
            "value1": 18.072534871753305,
            "value2": 115.94541685190052
        },
        {
            "source": 23,
            "target": 3,
            "value1": 15.843554583843797,
            "value2": 109.48099950328469
        },
        {
            "source": 1,
            "target": 6,
            "value1": 21.184676908887923,
            "value2": 102.70227808505297
        }
    ]
}